{
    "train_sd": [
        [
            0.08162737864687637,
            0.0488322761268778,
            0.15882444095778428
        ],
        [
            0.11937919555736438,
            0.0332939845102438,
            0.26256261280180937
        ],
        [
            0.17993408324784857,
            0.04981240877996169,
            0.17370591730208895
        ],
        [
            0.1194191260987947,
            0.04736470616610557,
            0.17979573196379878
        ],
        [
            0.2254689230143234,
            0.1779833595233012,
            0.5948105145949304
        ],
        [
            0.43300032709435327,
            0.11913193589574403,
            0.8610736369922164
        ],
        [
            10.565270035738411,
            3.0159220284670574,
            3.993004855187916
        ],
        [
            0.3104771036069811,
            0.24900090457113952,
            0.4729266141272527
        ],
        [
            0.1686087238068101,
            0.026581505072274005,
            0.45597544008551555
        ],
        [
            0.10099315077923861,
            0.030509978889750603,
            0.12306326643597786
        ],
        [
            0.11351844576935284,
            0.03643964936046306,
            0.12166990118102758
        ],
        [
            0.08454554951251168,
            0.04604708539120175,
            0.11443375617773319
        ],
        [
            0.12229290279354435,
            0.06992049003518692,
            0.15981059289571964
        ],
        [
            0.1345867893034759,
            0.05385930957631767,
            0.12244695116887229
        ],
        [
            0.6117180749632238,
            0.07389932373294915,
            0.41076657726257715
        ]
    ],
    "train_mean": [
        [
            -0.010272580115794726,
            -0.011494613364190878,
            0.047352017828923156
        ],
        [
            0.023732605955392318,
            -0.024392421005117945,
            0.1658764674104715
        ],
        [
            0.03999444856989577,
            -0.024796699780749807,
            0.11851165026242899
        ],
        [
            -0.008883137152822799,
            -0.0250784233196363,
            0.13940011368904381
        ],
        [
            0.04873927223062247,
            -0.021061603432844484,
            -0.027686377011175264
        ],
        [
            -0.14182935984717684,
            -0.0029718265013296435,
            -0.14615431495801964
        ],
        [
            -0.2587435254453846,
            -0.09216705166790341,
            -0.08988736178695053
        ],
        [
            0.0077059659475810964,
            0.007002201880336655,
            0.05619444235619567
        ],
        [
            0.0363127524273168,
            0.007361372052402178,
            0.2259414189784603
        ],
        [
            0.03312433960249734,
            0.003969140637537776,
            0.12809104415382333
        ],
        [
            0.0034700887189486303,
            0.0038162305765576015,
            0.1528527697830526
        ],
        [
            0.022001229796575872,
            0.0159609005088087,
            0.07783729385172157
        ],
        [
            -0.005432479720371837,
            0.012168236526215577,
            0.06785662834826191
        ],
        [
            0.012086145027846466,
            0.009631075632148057,
            0.039122034186800055
        ],
        [
            0.011314871138940736,
            0.016595239918525215,
            0.052535117230945776
        ]
    ]
}