{
    "train_mean": [
        [
            0.43960709702155765,
            -0.5558253092735315,
            2.562197239344942
        ],
        [
            0.39151470981268577,
            -0.36235809656282947,
            2.4588474002835774
        ],
        [
            0.37529087377832543,
            -0.3615933651356901,
            2.4848050629489387
        ],
        [
            0.42242961257918016,
            -0.3659621317947211,
            2.5097701645421915
        ],
        [
            0.3432156930064749,
            -0.14941260269660786,
            2.6231345765460845
        ],
        [
            0.5367982968302523,
            -0.17363808882189719,
            2.85205545302989
        ],
        [
            0.6702685927746538,
            0.01011439996084012,
            2.6743268061198835
        ],
        [
            0.4053225128494072,
            -0.09687160519413769,
            2.632968777969676
        ],
        [
            0.36599892834320624,
            0.09877619915763416,
            2.424017049341097
        ],
        [
            0.3705487348245318,
            0.10199483308665958,
            2.5075591845328833
        ],
        [
            0.3975105977157853,
            0.10277019809374209,
            2.5115203240360104
        ],
        [
            0.3918715327314223,
            0.4537059225763545,
            2.560031838560901
        ],
        [
            0.41902355062230623,
            0.45729084693439304,
            2.6076187175744967
        ],
        [
            0.3950226019624462,
            0.8231740086698968,
            2.6156911685852435
        ],
        [
            0.3849902491140704,
            0.8153904033994724,
            2.6400066130519133
        ]
    ],
    "train_sd": [
        [
            0.6395096673225235,
            0.09410544369718746,
            0.5282284068927737
        ],
        [
            0.6221758498507487,
            0.08940776903311407,
            0.5953956398071663
        ],
        [
            0.6560065353722508,
            0.09720051485068898,
            0.5810251047291806
        ],
        [
            0.6425721843789296,
            0.0911163015724125,
            0.5556685908507333
        ],
        [
            0.6792378299935041,
            0.20090145010824273,
            0.7626764046884802
        ],
        [
            0.8320240163974928,
            0.12062350697781873,
            0.653144267304057
        ],
        [
            10.571095122367979,
            3.0120122426819966,
            4.023102963066425
        ],
        [
            0.6802508432192241,
            0.26928814407586493,
            0.6769176017599721
        ],
        [
            0.5994992578693625,
            0.05982665805348242,
            0.6776374429659128
        ],
        [
            0.6158315862848552,
            0.06304938212053166,
            0.5541823402289833
        ],
        [
            0.6217926115190328,
            0.06808771415089207,
            0.5411796766738622
        ],
        [
            0.6307885629182836,
            0.05773926800792053,
            0.5686331592001297
        ],
        [
            0.642880726455474,
            0.0889076604575289,
            0.5708354461658635
        ],
        [
            0.6937242780814258,
            0.06881295797532731,
            0.5582438948378631
        ],
        [
            0.8949701234979682,
            0.08557057527583141,
            0.7018766854267925
        ]
    ]
}