{
    "train_mean": [
        [
            0.00030162718960510885,
            0.007249802678808661,
            0.09008679655790792
        ],
        [
            -0.0006151983443748787,
            -0.007112472658895244,
            0.04787336108246028
        ],
        [
            0.00337872363676888,
            -0.004692377809896514,
            0.023850166772069706
        ],
        [
            -0.002419359851040102,
            -0.009792804916770304,
            0.012784511422639363
        ],
        [
            0.004798585302963197,
            -0.0039510527662535355,
            0.018525361764563607
        ],
        [
            0.0026745154518424095,
            -0.00669530752844111,
            0.02539888448410258
        ],
        [
            0.011025498273636438,
            0.006760083385931685,
            -0.03959124380871401
        ],
        [
            -0.0013254288425216863,
            4.803319775365245e-05,
            -0.0458491062333916
        ],
        [
            -0.0032693945322146236,
            -0.011835715670270416,
            0.1045351558195187
        ],
        [
            -0.0057322373987307145,
            -0.01862764807374189,
            0.09530388099893111
        ],
        [
            -0.007379607761461799,
            -0.022743176197539308,
            0.10322537660385502
        ],
        [
            -0.001163349847354101,
            -0.02271188193857441,
            0.059498115873411465
        ],
        [
            0.004927548562270618,
            -0.025278037506539175,
            0.06302283709614713
        ],
        [
            0.0015419724420892057,
            -0.030467686463577257,
            0.043190436497736316
        ],
        [
            0.0064715693583007015,
            -0.03293551915677796,
            0.04202734931166094
        ]
    ],
    "train_sd": [
        [
            0.01593223886190921,
            0.015166006735895788,
            0.049814840260551566
        ],
        [
            0.012671973555624124,
            0.013466165358926321,
            0.08640142863376599
        ],
        [
            0.023280640617573078,
            0.017892996096698057,
            0.16961875034424073
        ],
        [
            0.01925338779214907,
            0.01936734947867719,
            0.21356518021958446
        ],
        [
            0.0323565673714329,
            0.029378650615905534,
            0.16254168891279253
        ],
        [
            0.030680905557121226,
            0.03159529052354269,
            0.14119547135984656
        ],
        [
            0.06961628130717439,
            0.17562364058510557,
            0.23770401176290004
        ],
        [
            0.06307822378127663,
            0.10059801281812687,
            0.2643574485867524
        ],
        [
            0.013314716735489875,
            0.01241931577402544,
            0.07114445313270433
        ],
        [
            0.0187856137528167,
            0.0156061728662146,
            0.07392269216019946
        ],
        [
            0.0180091292467739,
            0.015517839451473758,
            0.07603594958157706
        ],
        [
            0.018140597661392626,
            0.025216890345601314,
            0.053973062119859874
        ],
        [
            0.016464361017626574,
            0.022902151430493643,
            0.047344981885485735
        ],
        [
            0.0249553912677654,
            0.041754354026666884,
            0.06517194366782397
        ],
        [
            0.024318669295106808,
            0.044323012765403576,
            0.06719306427119597
        ]
    ]
}