{
    "train_sd": [
        [
            0.09994990181839669,
            0.0864116180016649,
            0.11689166102076715
        ],
        [
            0.09552433501093396,
            0.07951135222696006,
            0.12760315239126105
        ],
        [
            0.11448766995621179,
            0.08185342576306956,
            0.19736704995247614
        ],
        [
            0.10379589434373383,
            0.08245956484141023,
            0.22963680766077058
        ],
        [
            0.130931683964653,
            0.14468962860042242,
            0.2394728167676544
        ],
        [
            0.12880941566849016,
            0.1455322081632194,
            0.23209861910902393
        ],
        [
            0.18228540094710838,
            0.36167791917463993,
            0.3214541976302053
        ],
        [
            0.19268614213245636,
            0.3370310282931928,
            0.350705175146852
        ],
        [
            0.09057188045305094,
            0.06986788341865155,
            0.11651791667283112
        ],
        [
            0.09869538209250613,
            0.06492063161366313,
            0.11428861507549455
        ],
        [
            0.09166420034300479,
            0.06555846713131526,
            0.11465232822076189
        ],
        [
            0.09462884235312045,
            0.06404255254732562,
            0.12153912420773236
        ],
        [
            0.0907463829772423,
            0.07068403527137461,
            0.11794452261726006
        ],
        [
            0.10745494485867946,
            0.06531268133891288,
            0.13622183426378298
        ],
        [
            0.10023540641767482,
            0.0771343295487191,
            0.143773611440228
        ]
    ],
    "train_mean": [
        [
            -0.07199221885893467,
            0.39512550529540497,
            2.8193830208160566
        ],
        [
            -0.0722323552176529,
            0.1790963295781253,
            2.890881280995523
        ],
        [
            -0.24015485500411649,
            0.17536978688866156,
            2.903220790581607
        ],
        [
            0.09350030992230758,
            0.1830862260939292,
            2.937624286726435
        ],
        [
            -0.29643375165532676,
            -0.04875538909062382,
            2.8534678179850332
        ],
        [
            0.1526350019180849,
            -0.03473779998921709,
            2.8697577867334503
        ],
        [
            -0.2456181406401858,
            -0.14599892550957472,
            2.7732119604170182
        ],
        [
            0.10675756949477452,
            -0.11212944404073565,
            2.787668149435549
        ],
        [
            -0.0695269390897864,
            -0.05042697196989969,
            2.856544667946531
        ],
        [
            -0.16615006320451373,
            -0.2787044167352532,
            2.88126165871537
        ],
        [
            0.03377264210287102,
            -0.2729412158845858,
            2.8869493982835888
        ],
        [
            -0.17393288441823881,
            -0.741005246129584,
            2.949850416899919
        ],
        [
            0.030916435910573768,
            -0.7348348295037164,
            2.9375611137334343
        ],
        [
            -0.19082355878955112,
            -1.1719696324563145,
            3.0788717339103844
        ],
        [
            0.03945208150609736,
            -1.1713164549205635,
            3.046367542578729
        ]
    ]
}